<application>
  <component name="ApplicationTasksOptions">
    <TaskOptions isEnabled="true">
      <option name="arguments" value="$FileName$" />
      <option name="checkSyntaxErrors" value="true" />
      <option name="description" />
      <option name="exitCodeBehavior" value="ERROR" />
      <option name="fileExtension" value="styl" />
      <option name="immediateSync" value="true" />
      <option name="name" value="Stylus" />
      <option name="output" value="../public/assets/css/$FileNameWithoutExtension$.css" />
      <option name="outputFilters">
        <array />
      </option>
      <option name="outputFromStdout" value="false" />
      <option name="program" value="stylus" />
      <option name="runOnExternalChanges" value="true" />
      <option name="scopeName" value="Project Files" />
      <option name="trackOnlyRoot" value="true" />
      <option name="workingDir" value="$FileDir$" />
      <envs />
    </TaskOptions>
  </component>
</application>